[
  {
    "name": "sai",
    "email": "sai",
    "phone": "99",
    "github_link": "hbcj",
    "stopwatch_time": "515"
  },
  {
    "name": "84984",
    "email": "169",
    "phone": "",
    "github_link": "",
    "stopwatch_time": ""
  },
  {
    "name": "",
    "email": "",
    "phone": "",
    "github_link": "",
    "stopwatch_time": ""
  },
  {},
  {},
  {},
  {
    "name": "hii",
    "email": "",
    "phone": "",
    "github_link": "",
    "stopwatch_time": ""
  },
  {
    "name": "ok",
    "email": "ok",
    "phone": "ok",
    "github_link": "ok",
    "stopwatch_time": "ok"
  }
]